{
    "typeshedPath": ".",
    "include": [
        "stdlib",
        "stubs"
    ],
    "exclude": [
        "**/@python2",
        "stdlib/encodings/__init__.pyi",
        "stdlib/sqlite3/dbapi2.pyi",
        "stdlib/tkinter",
        "stdlib/xml/dom",
        "stdlib/xml/sax",
        "stubs/backports",
        "stubs/backports_abc",
        "stubs/boto",
        "stubs/chardet",
        "stubs/cryptography",
        "stubs/dateparser",
        "stubs/docutils",
        "stubs/fb303",
        "stubs/Flask",
        "stubs/Jinja2",
        "stubs/kazoo",
        "stubs/Markdown",
        "stubs/paramiko",
        "stubs/protobuf",
        "stubs/pymssql",
        "stubs/PyMySQL",
        "stubs/python-dateutil",
        "stubs/pyvmomi",
        "stubs/PyYAML",
        "stubs/redis",
        "stubs/requests",
        "stubs/Routes",
        "stubs/scribe",
        "stubs/simplejson",
        "stubs/tornado",
        "stubs/waitress",
        "stubs/Werkzeug"
    ],
    "typeCheckingMode": "basic",
    "strictListInference": true,
    "strictDictionaryInference": true,
    "strictParameterNoneValue": true,
    "reportFunctionMemberAccess": "error",
    "reportMissingModuleSource": "none",
    "reportMissingTypeStubs": "error",
    "reportUnusedImport": "error",
    "reportUnusedClass": "error",
    "reportUnusedFunction": "error",
    "reportUnusedVariable": "error",
    "reportDuplicateImport": "error",
    "reportOptionalSubscript": "error",
    "reportOptionalMemberAccess": "error",
    "reportOptionalCall": "error",
    "reportOptionalIterable": "error",
    "reportOptionalContextManager": "error",
    "reportOptionalOperand": "error",
    "reportUntypedFunctionDecorator": "error",
    "reportUntypedClassDecorator": "error",
    "reportUntypedBaseClass": "error",
    "reportUntypedNamedTuple": "error",
    "reportPrivateUsage": "error",
    "reportConstantRedefinition": "error",
    "reportIncompatibleMethodOverride": "error",
    "reportIncompatibleVariableOverride": "error",
    "reportInvalidStringEscapeSequence": "error",
    "reportUnknownParameterType": "error",
    "reportUnknownArgumentType": "error",
    "reportUnknownLambdaType": "error",
    "reportUnknownVariableType": "error",
    "reportUnknownMemberType": "error",
    "reportMissingTypeArgument": "error",
    "reportUndefinedVariable": "error",
    "reportUnboundVariable": "error",
    "reportInvalidStubStatement": "error",
    "reportUnsupportedDunderAll": "error",
    "reportInvalidTypeVarUse": "error",
    "reportPropertyTypeMismatch": "error",
    "reportSelfClsParameterName": "error",
    // Overloapping overloads cannot be enabled at this time because
    // of the "factions.Fraction.__pow__" method and "tasks.gather" function.
    // Mypy's overlapping overload logic misses these issues (see mypy
    // issue #10143 and #10157).
    "reportOverlappingOverload": "none"
}